mseq,Index,S
1,0,-8.0364952
2,1,-8.4743843
3,2,-7.9536119
4,3,-6.6511726
7,6,-5.9915185
8,7,-9.0118628
9,8,-8.5804758
10,9,-5.0807924
11,10,-8.3514032
12,11,-7.0236826
13,12,-7.1556435
15,14,-5.7367215
16,15,-3.8647432
17,16,-4.3336186
19,18,-5.2685285
20,19,-7.3797798
21,20,-5.4662662
22,21,-5.6556392
23,22,-5.3877153
24,23,-5.9189272
25,24,-6.1525826
26,25,-5.6326389
27,26,-4.3787723
28,27,-5.7053466
29,28,-4.8368273
30,29,-4.6179576
31,30,-5.852509
32,31,-6.1485186
33,32,-7.5041046
34,33,-7.4760547
35,34,-5.653306
36,35,-4.8146253
37,36,-7.0587826
38,37,-6.5847116
39,38,-6.2966099
40,39,-9.6259422
41,40,-6.4567823
42,41,-7.0548558
43,42,-5.0945382
44,43,-6.59799
45,44,-5.5110345
46,45,-8.7758579
47,46,-6.4002295
48,47,-7.1978741
49,48,-7.1139245
50,49,-4.7472997
51,50,-6.7906051
52,51,-7.7322869
53,52,-5.1836233
54,53,-5.3999085
55,54,-5.4236383
56,55,-5.6150708
57,56,-5.8968525
58,57,-5.5848589
59,58,-6.6914825
60,59,-5.9029531
61,60,-5.7652645
62,61,-5.7959886
63,62,-5.2690997
64,63,-5.0346408
65,64,-6.0426431
66,65,-4.4201069
67,66,-5.8135133
68,67,-4.6901603
69,68,-5.3825545
70,69,-7.6861734
71,70,-6.4355445
72,71,-5.9790468
73,72,-5.1634808
74,73,-5.425271
75,74,-9.510747
76,75,-6.7901058
77,76,-6.5717244
79,78,-6.2002263
80,79,-4.6719604
81,80,-4.9723868
82,81,-4.9188747
83,82,-5.1458097
84,83,-8.8180456
85,84,-5.4340949
86,85,-6.1751056
87,86,-6.1260867
88,87,-5.8672624
89,88,-5.179637
90,89,-5.7233057
91,90,-6.0112276
92,91,-6.3349924
93,92,-5.374404
94,93,-5.9879317
95,94,-4.8759928
97,96,-8.4725122
98,97,-6.3168182
99,98,-6.5044026
100,99,-7.1896935
101,100,-4.0362263
102,101,-4.8847623
103,102,-4.1231003
104,103,-5.0919127
105,104,-4.5050273
106,105,-5.8476129
107,106,-7.5658445
108,107,-5.3246746
109,108,-5.3234239
110,109,-8.7552252
111,110,-4.9086809
112,111,-6.2175627
114,113,-5.1545582
117,116,-6.7772303
120,119,-5.0117021
121,120,-6.117444
122,121,-8.1864729
123,122,-7.7825117
124,123,-8.6595564
125,124,-5.6914902
126,125,-6.537643
127,126,-8.9375963
128,127,-9.6043615
132,131,-10.228744
134,133,-8.3283834
135,134,-10.39493
138,137,-5.9852457
140,139,-7.3181329
143,142,-5.3706956
145,144,-4.9753976
146,145,-7.8276048
147,146,-7.1044078
148,147,-9.2979641
149,148,-9.7238283
150,149,-7.8756127
151,150,-8.6719122
154,153,-9.9213276
155,154,-6.507225
156,155,-5.8549323
157,156,-5.6414871
158,157,-9.7271605
159,158,-6.620481
160,159,-5.2519836
161,160,-6.703145
162,161,-5.5204744
163,162,-8.5728769
164,163,-5.5738096
165,164,-7.6149158
166,165,-9.926754
167,166,-8.4421415
168,167,-6.4477973
169,168,-6.5014443
170,169,-4.9437099
171,170,-6.5230198
172,171,-8.4719362
175,174,-6.7558017
177,176,-5.5456395
178,177,-4.9369602
179,178,-7.1889648
180,179,-8.6678381
181,180,-7.6283536
182,181,-9.639163
183,182,-5.5855837
185,184,-8.5290527
186,185,-6.1433458
187,186,-9.0150614
190,189,-7.1704593
192,191,-4.9775257
193,192,-5.0272574
194,193,-5.0988522
195,194,-7.1730332
196,195,-6.4400201
197,196,-7.6903548
198,197,-6.0086193
199,198,-6.5275564
200,199,-4.7591262
201,200,-6.9032226
202,201,-7.4579043
203,202,-5.919641
204,203,-5.2760725
205,204,-7.4770346
206,205,-5.8316574
207,206,-8.4898968
208,207,-8.7918262
209,208,-8.0320063
210,209,-5.7568412
211,210,-7.8776584
212,211,-5.0610681
213,212,-8.6619148
214,213,-10.37409
215,214,-10.115162
216,215,-8.4866753
217,216,-8.788125
218,217,-9.7828121
219,218,-9.4320211
220,219,-6.5235171
221,220,-8.7308559
222,221,-7.1096544
223,222,-9.1246643
224,223,-9.1255341
225,224,-4.9478164
226,225,-5.4405265
227,226,-7.8056097
228,227,-5.3746438
229,228,-9.8254089
230,229,-10.039386
231,230,-8.5824356
232,231,-5.9104228
234,233,-8.7986364
235,234,-8.5085649
236,235,-6.8089199
238,237,-6.4885488
239,238,-5.5415049
240,239,-5.824841
241,240,-6.7283416
242,241,-7.0448899
243,242,-5.1407113
244,243,-6.5390134
245,244,-6.5348854
246,245,-5.5006561
247,246,-5.5647182
248,247,-6.3920646
249,248,-6.1052685
250,249,-5.8240023
251,250,-7.1687899
252,251,-6.0742946
253,252,-5.9870458
254,253,-6.8003554
255,254,-5.7745109
256,255,-5.9264951
257,256,-5.2401872
258,257,-5.754889
259,258,-6.3834615
260,259,-5.6444602
261,260,-7.2803249
262,261,-6.1241016
263,262,-6.6004763
264,263,-5.5010061
265,264,-8.4677229
266,265,-6.0957432
267,266,-7.1582899
268,267,-7.393559
269,268,-6.2375793
270,269,-6.1007667
271,270,-7.1660194
272,271,-6.7654743
273,272,-5.7519326
274,273,-5.7335219
275,274,-7.0375772
276,275,-5.8265204
277,276,-7.430541
278,277,-6.5577478
279,278,-7.5671382
280,279,-6.3252759
281,280,-7.667573
282,281,-7.1732426
283,282,-6.4904141
284,283,-8.36798
285,284,-9.9771452
286,285,-6.8256612
287,286,-7.7867022
288,287,-12.178853
289,288,-4.4417982
290,289,-5.0250163
291,290,-6.0910645
292,291,-5.3603511
293,292,-7.1133714
294,293,-5.1852326
295,294,-5.567636
296,295,-5.3678536
297,296,-6.4440012
298,297,-5.3687024
299,298,-6.4364991
300,299,-7.1637659
301,300,-7.1012383
302,301,-7.3737159
303,302,-7.6140308
304,303,-8.3870239
305,304,-9.0462675
306,305,-4.6217408
307,306,-4.6567173
308,307,-5.4187999
310,309,-6.8718557
311,310,-7.5061464
312,311,-7.6768322
313,312,-7.3570719
314,313,-7.4060535
315,314,-7.3169951
316,315,-5.6898093
317,316,-5.4414458
318,317,-7.1076784
319,318,-5.5873919
320,319,-7.0692258
321,320,-7.3265033
326,325,-5.1268091
327,326,-7.6627035
328,327,-7.6666703
329,328,-5.2409925
330,329,-6.1137543
331,330,-6.3500476
332,331,-7.9434948
333,332,-7.1941195
334,333,-7.0177922
335,334,-8.241539
336,335,-5.4314961
339,338,-5.8388782
340,339,-7.3633685
341,340,-5.2677169
342,341,-7.1746473
343,342,-8.8434324
344,343,-7.0013585
349,348,-7.8588867
351,350,-4.7509856
352,351,-7.3018827
353,352,-5.0536103
354,353,-7.993187
355,354,-6.1990714
356,355,-5.8139715
357,356,-5.7675829
358,357,-7.6428027
359,358,-7.2545714
360,359,-6.0326347
361,360,-5.2588043
362,361,-4.7002044
363,362,-6.2513981
364,363,-7.6869311
365,364,-6.552247
366,365,-5.0826406
367,366,-4.5557814
368,367,-5.135633
369,368,-5.5402355
370,369,-5.7868762
372,371,-4.7036343
373,372,-6.9411206
374,373,-7.4843388
375,374,-5.5985012
377,376,-4.6434927
378,377,-6.0759177
379,378,-7.8348699
380,379,-5.7401991
381,380,-6.1535668
382,381,-7.7586484
383,382,-9.3003101
384,383,-7.4562654
385,384,-7.5247583
386,385,-5.1504416
387,386,-8.1474257
388,387,-6.7219419
389,388,-8.5647326
390,389,-6.518414
391,390,-8.3293734
392,391,-5.6028457
393,392,-7.3478208
394,393,-8.9627295
395,394,-8.5808325
396,395,-6.0054731
397,396,-8.2273655
398,397,-6.076622
399,398,-5.8642011
400,399,-4.7487011
401,400,-5.0292363
402,401,-7.5066981
403,402,-7.7573476
404,403,-4.8799663
405,404,-6.8310208
406,405,-6.3176284
407,406,-4.8335176
408,407,-6.117682
409,408,-4.7925873
411,410,-5.631557
413,412,-4.5401897
414,413,-9.2838964
415,414,-9.3370981
416,415,-5.8789372
417,416,-4.3145924
418,417,-6.2110753
419,418,-7.1534252
420,419,-5.6479263
421,420,-6.898243
422,421,-6.1446261
423,422,-7.7507792
424,423,-6.1022139
426,425,-8.13591
427,426,-4.9005256
428,427,-5.7935801
429,428,-6.629066
430,429,-5.195231
431,430,-4.8771944
432,431,-8.8782644
433,432,-5.9921651
434,433,-7.9077568
435,434,-8.4870214
436,435,-8.1207705
437,436,-4.9926567
438,437,-6.9487653
439,438,-5.2902832
440,439,-8.1560707
441,440,-8.5111656
442,441,-7.2683325
443,442,-5.6203384
444,443,-6.9280424
445,444,-4.8086176
446,445,-7.2996578
447,446,13.575521
448,447,-8.101263
449,448,-8.6385727
450,449,-6.2536221
451,450,-7.1460819
452,451,-5.9264755
453,452,-4.5681863
454,453,-5.658772
455,454,-4.9500141
456,455,-4.7508278
457,456,-5.8822966
458,457,-8.6074991
459,458,-8.9329557
460,459,-6.8139768
461,460,-4.6159472
462,461,-4.2989559
463,462,-5.5764852
464,463,-3.7391801
465,464,-5.6653452
466,465,-5.543189
467,466,-6.250164
468,467,-6.080996
469,468,-7.5722098
470,469,-7.3315558
471,470,-4.347342
472,471,-6.6201496
473,472,-5.1886578
474,473,-6.1300969
475,474,-7.1479254
476,475,-6.9197679
477,476,-7.9876556
479,478,-8.86413
480,479,-10.584421
481,480,-7.6054931
483,482,-7.6769538
484,483,-7.8361945
485,484,-8.3474693
486,485,-9.7302046
487,486,-8.1794252
488,487,-7.4968166
489,488,-8.7072563
490,489,-9.6701164
492,491,-11.437119
494,493,-5.6198211
498,497,-6.833343
499,498,-8.0336857
500,499,-9.6449852
501,500,-8.9151268
502,501,-8.8898706
503,502,-6.9465714
504,503,-8.5132322
505,504,-5.4461079
506,505,-9.0239782
507,506,-8.867382
510,509,-9.0739193
511,510,-8.3286276
517,516,-9.325058
518,517,-5.673697
519,518,-7.32798
520,519,-7.638041
521,520,-8.9642639
522,521,-7.7994251
523,522,-7.046381
524,523,-7.7743392
525,524,-7.2326646
528,527,-7.9658442
529,528,-9.4466009
531,530,-5.2457552
532,531,-8.3345127
533,532,-8.4326906
534,533,-8.3888931
535,534,-8.4207764
540,539,-8.0341902
541,540,-6.566412
542,541,-6.3398752
543,542,-8.3667898
545,544,-8.6866846
546,545,-5.0816817
547,546,-6.4886713
548,547,-8.818738
549,548,-6.682219
550,549,-8.41605
551,550,-6.3417821
552,551,-8.3110209
553,552,-9.0246992
554,553,-6.1492767
555,554,-8.8855705
556,555,-6.1101751
557,556,-7.4919882
558,557,-6.9876485
559,558,-8.5019522
560,559,-7.4988852
561,560,-8.1481915
562,561,-7.4307985
563,562,-9.0883465
564,563,-8.9085283
565,564,-8.9605923
566,565,-5.5502639
567,566,-6.9422669
568,567,-9.4599533
569,568,-7.3546705
570,569,-8.9877262
571,570,-7.2716269
572,571,-9.0919571
573,572,-8.5008841
574,573,-7.4399681
575,574,-8.9930944
576,575,-8.293334
577,576,-9.292223
578,577,-5.0534849
579,578,-6.7219625
580,579,-5.5982728
581,580,-7.8836565
582,581,-5.2287765
583,582,-6.9818034
584,583,-7.8965096
585,584,-7.0632095
586,585,-8.4508114
587,586,-9.5579863
588,587,-5.9102058
589,588,-7.744988
590,589,-8.5490694
591,590,-8.752717
592,591,-6.5163803
593,592,-6.0301147
594,593,-8.6099777
595,594,-9.5513096
596,595,-8.0037546
597,596,-7.8459044
598,597,-8.2715273
599,598,-7.5479536
600,599,-8.0557737
601,600,-7.1661839
602,601,-4.796463
603,602,-7.168684
604,603,-7.8151031
605,604,-7.8216715
606,605,-8.5216503
607,606,-6.811223
608,607,-8.8418188
609,608,-6.9622436
610,609,-9.1127138
611,610,-8.1867266
612,611,-7.8035245
613,612,-6.4404278
614,613,-7.158361
615,614,-7.2550745
616,615,-9.1149483
617,616,-7.3798566
618,617,-6.9625802
619,618,-5.2866001
620,619,-7.0269403
621,620,-6.4100204
622,621,-7.8781872
623,622,-7.6985674
624,623,-7.534586
625,624,-7.6422744
626,625,-10.380993
627,626,-7.7982373
628,627,-5.6052575
629,628,-8.3879633
630,629,-9.7387533
631,630,-5.5481305
632,631,-8.0877113
633,632,-7.3471079
634,633,-4.591341
635,634,-10.680725
636,635,-8.8238602
637,636,-4.2409263
639,638,-7.2215075
640,639,-5.4159498
641,640,-7.6770477
642,641,-7.9272575
643,642,-5.9232459
644,643,-7.002326
645,644,-7.8099136
646,645,-5.3963752
647,646,-8.6942692
648,647,-5.6140294
650,649,-4.6511207
652,651,-4.5481
653,652,-5.1393623
654,653,-8.3574657
655,654,-6.6571474
656,655,-4.9681506
657,656,-5.1648674
658,657,-5.8837748
659,658,-5.9696999
660,659,-5.8679833
661,660,-5.0538659
662,661,-8.1639252
663,662,-5.2599816
664,663,-6.4260979
665,664,-5.7830319
667,666,-4.4794297
668,667,-9.1932526
669,668,-4.1547456
670,669,-3.9457762
671,670,-5.0564809
672,671,-7.7652674
673,672,-5.150281
675,674,-5.6502447
676,675,-5.6937661
677,676,-5.5601349
679,678,-5.0183382
680,679,-9.3810234
681,680,-9.2007599
682,681,-7.1451964
683,682,-5.9185963
685,684,-7.2093921
686,685,-3.7853954
689,688,-5.7184725
690,689,-4.9918175
691,690,-8.9282703
692,691,-8.0713463
693,692,-5.7121978
694,693,-5.9665785
695,694,-4.3419828
696,695,-5.1645818
697,696,-5.4777565
698,697,-5.1526275
699,698,-5.7178178
700,699,-4.3344874
701,700,-6.4833603
702,701,-5.6842203
703,702,-7.7943335
705,704,-5.3802938
706,705,-6.1568084
707,706,-5.7352843
708,707,-5.9167042
709,708,-4.9030681
710,709,-5.3365865
711,710,-6.0427308
712,711,-6.0347366
713,712,-6.7760344
714,713,-6.557188
715,714,-6.8747396
716,715,-6.5139475
717,716,-6.028697
718,717,-6.7378273
720,719,-6.2742386
721,720,-6.5529041
722,721,-4.5298343
723,722,-4.7847672
724,723,-7.3052731
725,724,-6.310822
726,725,-5.0891891
727,726,-4.8979325
728,727,-4.1643085
729,728,-5.6040959
730,729,-5.1776881
731,730,-4.9497375
732,731,-4.7014923
733,732,-5.9847174
734,733,-5.4694076
735,734,-5.4394898
736,735,-7.5319581
737,736,-5.8596478
738,737,-7.7111692
739,738,-5.5538487
740,739,-7.2336798
741,740,-7.3431444
742,741,-5.9826188
743,742,-9.563324
744,743,-9.6904345
745,744,-5.8910489
746,745,-4.7939916
747,746,-3.9798129
748,747,-6.655561
749,748,-7.1207976
750,749,-7.4127264
751,750,-7.5829163
752,751,-5.8189044
753,752,-4.6023703
754,753,-4.3342032
755,754,-4.477118
756,755,-5.2906413
757,756,-6.0907345
758,757,-6.546114
759,758,-6.5685296
760,759,-6.0949397
761,760,-5.1162271
762,761,-7.172471
763,762,-4.8809624
764,763,-5.2265534
765,764,-5.9318399
766,765,-5.5295558
767,766,-6.31043
768,767,-7.3394208
769,768,-5.9850636
770,769,-6.5620508
771,770,-5.2937102
772,771,-4.9951563
773,772,-4.7242041
774,773,-5.4162269
775,774,-7.4140768
776,775,-5.9312391
777,776,-5.4704475
779,778,-5.2641253
780,779,-5.2554798
781,780,-5.1965475
782,781,-5.4096575
783,782,-8.581624
784,783,-4.8910632
785,784,-5.9783092
787,786,-4.4081063
788,787,-5.0900326
790,789,-5.6245098
791,790,-4.0324268
792,791,-7.7120204
793,792,-6.0118504
794,793,-5.1770668
795,794,-4.5097842
796,795,-5.4716597
797,796,-6.9474249
798,797,-4.2467027
799,798,-7.5637822
801,800,-7.36129
802,801,-8.0673618
804,803,-6.2188592
805,804,-5.1142821
806,805,-3.9007881
808,807,-6.9375129
809,808,-6.2499771
810,809,-5.3040738
811,810,-7.2480392
812,811,-6.7002635
813,812,-5.2639036
814,813,-7.870892
815,814,-6.0299082
816,815,-6.9456611
817,816,-6.1366792
818,817,-5.0791044
819,818,-6.2117581
820,819,-6.8383117
821,820,-4.7591891
822,821,-6.9071922
823,822,-6.2606273
824,823,-6.3813219
825,824,-8.667078
826,825,-5.2585502
827,826,-4.7825856
828,827,-8.7089977
829,828,-6.8483286
830,829,-7.5755863
831,830,-7.039042
832,831,-4.65136
833,832,-7.8730817
834,833,-4.7453713
835,834,-5.8476653
836,835,-5.4637771
837,836,-5.4072833
838,837,-4.4609838
839,838,-5.5509839
840,839,-8.7778225
841,840,-6.0915432
842,841,-4.7194486
843,842,-9.7171001
844,843,-5.7462854
845,844,-5.5711818
846,845,-9.7154379
847,846,-5.4447169
848,847,-6.9206848
849,848,-5.4371986
850,849,-4.6705637
851,850,-4.4454823
852,851,-5.162499
853,852,-4.8909569
854,853,-6.0227242
855,854,-9.1703501
856,855,-5.16749
857,856,-4.6279974
858,857,-5.057579
859,858,-5.0677514
860,859,-5.1416831
861,860,-5.1154909
862,861,-5.3770809
863,862,-6.2878275
864,863,-4.5905647
865,864,-5.1664762
866,865,-5.4267492
867,866,-5.1724491
868,867,-4.7110357
869,868,-7.0576491
870,869,-5.2395949
871,870,-4.5430341
872,871,-4.7235107
873,872,-5.8723454
874,873,-5.8525801
875,874,-4.5335245
876,875,-4.6123357
877,876,-6.3614421
878,877,-6.0999184
879,878,-6.8592987
880,879,-5.8236299
881,880,-7.255291
882,881,-9.1352043
883,882,-5.2744708
884,883,-5.213903
885,884,-5.6428781
886,885,-5.2493944
887,886,-4.6707263
888,887,-6.5642438
889,888,-5.3797116
890,889,-7.1019511
891,890,-5.2957363
892,891,-5.4461255
893,892,-8.396039
894,893,-8.1976404
895,894,-4.9078908
896,895,-5.256567
897,896,-5.4808259
898,897,-5.8093185
899,898,-4.5817509
900,899,-6.0390272
901,900,-6.3878465
902,901,-7.5581141
903,902,-5.0822759
904,903,-6.2935357
905,904,-2.7092547
906,905,-5.5310369
907,906,-8.5450106
908,907,-5.9548073
909,908,-5.8477712
910,909,-3.4553897
911,910,-6.1449618
912,911,-4.5291743
913,912,-5.0493531
914,913,-4.4202271
915,914,-4.5060687
916,915,-5.8061585
917,916,-5.4465947
918,917,-5.9856639
919,918,-8.2952442
920,919,-6.3632674
921,920,-4.7792358
922,921,-5.4647751
923,922,-4.6867456
924,923,-5.7572017
925,924,-6.5719366
926,925,-5.4458623
927,926,-5.3945961
928,927,-4.5519576
929,928,-6.6593242
930,929,-5.5974717
931,930,-4.4075961
932,931,-7.3285494
933,932,-5.6208525
934,933,-6.4721479
935,934,-6.5786119
936,935,-4.7786264
937,936,-6.7537646
938,937,-5.9770679
939,938,-4.9441996
940,939,-6.1286983
941,940,-6.6978674
942,941,-6.643724
944,943,-5.9132361
945,944,-5.4191203
946,945,-9.2221117
947,946,-6.4016447
948,947,-4.3538771
949,948,-6.0551143
950,949,-4.9632244
951,950,-7.3794742
952,951,-4.8361349
953,952,-5.027782
954,953,-4.6972923
955,954,-4.1360025
956,955,-4.2484355
957,956,-5.2103462
958,957,-3.9811988
959,958,-3.9977014
960,959,-5.4796538
961,960,-4.8550553
962,961,-5.4742684
963,962,-5.3178205
964,963,-6.2305803
965,964,-5.8509421
966,965,-5.1060987
967,966,-5.5672493
968,967,-5.9645286
969,968,-5.6431808
970,969,-4.3555174
971,970,-4.7559371
972,971,-5.4308591
973,972,-5.1193309
974,973,-6.8528566
975,974,-4.7226906
976,975,-5.5037308
977,976,-6.8141818
978,977,-5.4783516
979,978,-5.4232521
980,979,-5.5463319
981,980,-4.6089864
982,981,-4.2930112
983,982,-6.339407
984,983,-5.2527432
985,984,-8.7606964
986,985,-4.8509059
988,987,-7.6142888
989,988,-6.8933306
990,989,-10.298224
991,990,-6.683372
992,991,-4.4157686
993,992,-5.2618256
994,993,-5.139792
995,994,-9.4518099
996,995,-7.582438
997,996,-7.3830357
998,997,-5.1027479
999,998,-10.173049
1000,999,-7.4051156
1,1000,-4.9704261
2,1001,-7.8905692
3,1002,-5.3935385
5,1004,-5.8975348
6,1005,-5.777216
7,1006,-7.9999852
8,1007,-5.2639828
9,1008,-6.1679463
10,1009,-6.9484434
12,1011,-7.5402484
14,1013,-7.5160522
15,1014,-9.3353233
16,1015,-9.0023117
17,1016,-5.7249322
18,1017,-7.2931805
19,1018,-7.5643897
20,1019,-7.3533397
21,1020,-8.0371656
22,1021,-8.1480732
23,1022,-5.9238424
24,1023,-8.0386114
25,1024,-4.2548237
26,1025,-5.4538641
27,1026,-3.9826052
30,1029,-7.6891112
32,1031,-8.6885033
33,1032,-5.4008718
34,1033,-4.9225593
35,1034,-4.1950111
36,1035,-3.7219017
39,1038,-7.1862559
40,1039,-3.7264051
41,1040,-5.4487476
42,1041,-5.3657837
43,1042,-4.0142531
44,1043,-7.610724
45,1044,-6.8462133
46,1045,-6.20997
47,1046,-5.454742
48,1047,-4.3042302
49,1048,-4.2653117
50,1049,-4.0688753
51,1050,-3.7163491
52,1051,-6.4001684
53,1052,-7.4039764
54,1053,-6.0960846
55,1054,-7.7009845
57,1056,-5.0919752
58,1057,-5.837779
59,1058,-6.0332947
60,1059,-5.8677387
61,1060,-7.5022483
62,1061,-4.5437412
63,1062,-7.5574865
64,1063,-5.2930412
65,1064,-5.6549258
66,1065,-7.4258223
67,1066,-7.5519361
68,1067,-5.325901
69,1068,-5.6343551
70,1069,-7.2835751
71,1070,-5.7273612
72,1071,-5.3515978
73,1072,-7.4359708
75,1074,-4.6968126
76,1075,-5.7345719
77,1076,-6.0645676
78,1077,-6.6987495
79,1078,-6.85531
80,1079,-9.8447847
81,1080,-5.8259096
82,1081,-5.1141806
83,1082,-5.0216875
85,1084,-5.1755443
86,1085,-6.5998187
87,1086,-4.5135531
88,1087,-6.3665009
89,1088,-6.2207551
90,1089,-4.2406859
91,1090,-5.4966521
92,1091,-5.6491933
93,1092,-6.7661381
94,1093,-4.5105572
95,1094,-6.7967854
96,1095,-5.8789721
97,1096,-5.3147702
98,1097,-5.2579713
99,1098,-7.2125239
100,1099,-7.5169439
101,1100,-5.5478568
102,1101,-7.6277566
103,1102,-6.5540524
104,1103,-8.2552595
105,1104,-8.2651463
106,1105,-9.4769449
107,1106,-6.1349339
108,1107,-5.4929547
109,1108,-5.2066197
110,1109,-7.9250827
111,1110,-5.2430153
112,1111,-6.0190043
113,1112,-8.4737396
114,1113,-7.4249711
115,1114,-5.8288136
116,1115,-4.7500744
117,1116,-6.4586139
118,1117,-4.7735639
119,1118,-5.7952743
120,1119,-5.8694925
121,1120,-7.5651798
122,1121,-7.5317206
123,1122,-4.786829
124,1123,-5.7566767
125,1124,-5.6409531
126,1125,-5.222405
127,1126,-6.0342383
128,1127,-4.7190285
129,1128,-6.6843457
130,1129,-7.1438875
131,1130,-5.5126753
132,1131,-9.4607058
133,1132,-5.656507
134,1133,-5.3695798
135,1134,-5.6015468
136,1135,-6.3799667
137,1136,-8.7039108
138,1137,-6.4562092
139,1138,-4.3723831
140,1139,-5.4870467
141,1140,-6.2634416
142,1141,-5.4821806
143,1142,-4.9040871
144,1143,-5.6187439
145,1144,-8.8705683
146,1145,-4.139946
147,1146,-6.4209237
148,1147,-4.3339052
149,1148,-7.4634457
150,1149,-6.3996563
151,1150,-7.1097898
153,1152,-5.3960238
154,1153,-7.9461465
156,1155,-4.8836308
157,1156,-5.4218669
158,1157,-8.2308502
160,1159,-5.2233257
161,1160,-7.8371205
162,1161,-5.859189
163,1162,-4.9898429
164,1163,-7.4515233
166,1165,-5.1625967
167,1166,-6.9842954
168,1167,-7.8272505
169,1168,-9.4701347
170,1169,-8.6739416
171,1170,-9.0247374
172,1171,-7.9136782
173,1172,-9.516468
174,1173,-5.2213621
175,1174,-10.448772
176,1175,-10.599611
177,1176,-4.9683499
178,1177,-8.2853203
180,1179,-5.3333139
181,1180,-9.8776407
187,1186,-8.0125027
188,1187,-8.2697477
189,1188,-7.146925
192,1191,-8.4798155
194,1193,-8.0606995
195,1194,-5.1486268
196,1195,-6.2028112
197,1196,-5.8652024
198,1197,-7.5976129
201,1200,-6.7504735
206,1205,-5.1648655
207,1206,-4.5278177
208,1207,-7.5971222
209,1208,-4.3080177
210,1209,-5.5718765
212,1211,-4.3088555
213,1212,-6.4186206
214,1213,-7.0125437
215,1214,-6.6035004
216,1215,-7.2966638
217,1216,-6.4005594
218,1217,-6.3903413
219,1218,-5.8130031
220,1219,-7.425879
221,1220,-8.2039795
222,1221,-8.4403448
223,1222,-5.5777922
224,1223,-8.5001421
225,1224,-7.3321638
226,1225,-7.8201399
227,1226,-8.1875572
228,1227,-8.0757666
230,1229,-6.056138
231,1230,-8.544591
232,1231,-7.0956011
233,1232,-7.2391367
234,1233,-4.8781619
235,1234,-6.4415555
237,1236,-7.0752416
238,1237,-7.7741699
239,1238,-9.0747633
240,1239,-8.1474762
241,1240,-7.0411592
242,1241,-3.8045356
243,1242,-4.5896754
244,1243,-5.9834371
245,1244,-5.793725
246,1245,-5.6269765
247,1246,-5.3590188
248,1247,-7.7673392
249,1248,-5.2215843
250,1249,-5.5800838
251,1250,-5.5872149
252,1251,-4.4936018
253,1252,-7.5086794
254,1253,-7.1431994
255,1254,-5.5122414
256,1255,-5.7677088
257,1256,-7.1246238
258,1257,-4.9823837
259,1258,-5.5547123
260,1259,-5.6201224
261,1260,-7.3935142
262,1261,-5.4474282
263,1262,-5.6433597
264,1263,-7.8244863
265,1264,-5.4006782
266,1265,-5.1880808
267,1266,-5.069756
268,1267,-4.7641196
269,1268,-8.0849495
270,1269,-7.4054604
271,1270,-10.048263
272,1271,-5.1879077
273,1272,-5.0292182
274,1273,-5.5598021
275,1274,-4.7695012
276,1275,-5.8353405
277,1276,-5.012701
278,1277,-5.1399455
279,1278,-8.2853107
280,1279,-5.0051184
281,1280,-6.9941826
282,1281,-9.1896381
283,1282,-5.7712207
284,1283,-6.1801772
285,1284,-5.3591671
286,1285,-5.488884
287,1286,-5.7113838
289,1288,-8.9374733
290,1289,-8.4018555
291,1290,-6.4366302
292,1291,-7.0492287
293,1292,-6.1525154
294,1293,-7.5814552
295,1294,-5.6408529
296,1295,-5.7869186
297,1296,-5.4261098
298,1297,-5.5561595
299,1298,-6.8196402
300,1299,-7.7988973
301,1300,-5.730588
302,1301,-6.4936986
303,1302,-6.4732375
305,1304,-6.02249
306,1305,-6.7863188
307,1306,-7.8244076
308,1307,-5.9197273
309,1308,-6.2612209
310,1309,-6.7884097
311,1310,-6.1167135
312,1311,-5.9618764
313,1312,-7.4326916
314,1313,-6.4740572
315,1314,-7.1695957
316,1315,-5.4971519
317,1316,-6.2854567
318,1317,-6.1514912
319,1318,-8.9821253
320,1319,-5.8704543
321,1320,-5.6206331
322,1321,-5.7331152
323,1322,-6.3768234
324,1323,-6.8178158
325,1324,-6.0130606
326,1325,-6.3516364
327,1326,-5.7039356
328,1327,-6.7522492
329,1328,-6.2379193
330,1329,-5.8543463
331,1330,-6.808403
332,1331,-9.7794847
333,1332,-6.1808815
334,1333,-7.2332697
335,1334,-6.146688
336,1335,-6.5283461
337,1336,-8.7764874
338,1337,-6.4741716
340,1339,-8.1076365
341,1340,-7.971087
342,1341,-8.5711689
343,1342,-9.505744
344,1343,-4.6557193
345,1344,-4.7551174
346,1345,-5.3519292
347,1346,-5.6724315
348,1347,-5.6076403
349,1348,-5.7791514
350,1349,-5.6662154
351,1350,-6.0808721
352,1351,-5.8292842
353,1352,-7.5006618
354,1353,-6.8082371
355,1354,-7.6330228
356,1355,-7.2982688
357,1356,-7.667089
358,1357,-5.8220806
359,1358,-7.5368142
360,1359,-9.7184019
361,1360,-9.4501343
362,1361,-7.9579129
363,1362,-5.0084929
364,1363,-7.7750559
365,1364,-6.5154653
366,1365,-7.6232314
367,1366,-6.5126433
368,1367,-7.7585273
369,1368,-7.4776697
370,1369,-7.8312879
371,1370,-5.9141121
372,1371,-5.5039659
373,1372,-5.3391275
374,1373,-5.4227796
375,1374,-5.8938689
376,1375,-8.067544
380,1379,-4.9433045
381,1380,-5.5381494
382,1381,-4.7845321
383,1382,-7.4635367
384,1383,-7.8465281
386,1385,-6.8647122
387,1386,-6.3838925
388,1387,-5.393692
389,1388,-6.6242485
390,1389,-5.9724998
391,1390,-8.8121939
393,1392,-5.5745497
395,1394,-8.7672071
396,1395,-7.0914211
397,1396,-6.0002732
399,1398,-5.4572573
401,1400,-8.8763151
402,1401,-9.9257498
403,1402,-4.7094307
404,1403,-8.3966684
405,1404,-9.8675642
407,1406,-10.066925
408,1407,-7.4597716
409,1408,-7.4764757
410,1409,-4.3641429
411,1410,-6.7295356
412,1411,-5.5780444
413,1412,-7.9132733
414,1413,-7.7449722
415,1414,-6.3067632
416,1415,-5.5088573
417,1416,-5.5973206
419,1418,-5.6611876
420,1419,-5.6530104
421,1420,-7.7876663
422,1421,-7.9913259
423,1422,-6.3250928
424,1423,-8.3719091
425,1424,-9.6224136
426,1425,-4.3272839
427,1426,-4.2124748
428,1427,-6.1949668
429,1428,-5.7867355
430,1429,-6.0575743
431,1430,-4.4894195
432,1431,-5.3041558
433,1432,-4.710341
434,1433,-4.779326
435,1434,-7.7517505
436,1435,-5.8522501
437,1436,-5.12924
438,1437,-5.1220264
439,1438,-7.2397261
440,1439,-9.852747
441,1440,-6.4464645
442,1441,-5.906498
443,1442,-5.0599785
444,1443,-5.0348425
445,1444,-8.4287024
446,1445,-8.9773998
447,1446,-6.3390031
448,1447,-9.1796799
449,1448,-5.9677691
450,1449,-6.2952657
451,1450,-6.9115591
453,1452,-7.6295815
454,1453,-8.5772228
455,1454,-9.0532923
456,1455,-7.0292263
457,1456,-6.243206
458,1457,-6.4344144
460,1459,-8.72575
461,1460,-5.9515829
462,1461,-12.808729
463,1462,-5.2360258
464,1463,-4.9942398
465,1464,-8.8169031
466,1465,-7.5685215
467,1466,-5.7472816
468,1467,-5.3306651
470,1469,-6.1387949
471,1470,-5.4190011
472,1471,-4.4491587
473,1472,-10.420721
474,1473,-5.5156097
475,1474,-6.735146
476,1475,-5.5493155
477,1476,-3.9966323
478,1477,-6.4446607
479,1478,-5.4929252
480,1479,-5.0711732
481,1480,-5.3175235
482,1481,-5.0430899
483,1482,-5.9054294
484,1483,-4.3397293
485,1484,-4.0268688
486,1485,-4.2545924
487,1486,-5.9634147
488,1487,-4.3164907
489,1488,-6.1447845
490,1489,-5.3014498
491,1490,-4.9221048
492,1491,-5.4987187
494,1493,-6.9612365
495,1494,-8.6306458
496,1495,-7.209022
497,1496,-4.9670682
498,1497,-8.7615433
500,1499,-8.1360722
501,1500,-6.5118999
502,1501,-7.4976301
503,1502,-5.9185414
504,1503,-7.1038637
505,1504,-4.6268907
506,1505,-4.7232265
507,1506,-4.7924938
508,1507,-5.0155621
509,1508,-5.0927725
510,1509,-9.4494104
511,1510,-7.8891544
512,1511,-5.9601221
513,1512,-7.4933009
514,1513,-5.7213335
515,1514,-5.2002974
516,1515,-4.5511651
517,1516,-5.1405659
518,1517,-4.7194633
519,1518,-6.9609036
520,1519,-4.1898732
521,1520,-6.443583
522,1521,-6.483747
523,1522,-6.1486187
524,1523,-7.2047086
525,1524,-7.5707898
526,1525,-5.4574966
527,1526,-5.2021451
528,1527,-7.5123487
529,1528,-6.4420433
530,1529,-6.0192728
531,1530,-5.1528907
532,1531,-8.243722
533,1532,-3.9380853
534,1533,-9.1047945
535,1534,-8.849844
536,1535,-8.1221075
537,1536,-4.3965178
538,1537,-6.3086848
539,1538,-5.2805023
540,1539,-5.4740939
541,1540,-7.5120411
542,1541,-7.6285572
544,1543,-6.903368
546,1545,-5.2305651
547,1546,-5.2827563
548,1547,-8.704504
550,1549,-9.8516569
551,1550,-10.281767
553,1552,-8.2852497
554,1553,-6.8780441
557,1556,-6.2964101
558,1557,-5.6676154
559,1558,-8.8688774
560,1559,-6.4018583
561,1560,-8.337532
563,1562,-8.8289547
565,1564,-5.0457568
567,1566,-7.4981055
569,1568,-7.5717535
571,1570,-8.3498211
574,1573,-10.622996
577,1576,-4.8907385
579,1578,-9.5322704
580,1579,-11.100606
581,1580,-8.121171
582,1581,-7.9337215
584,1583,-8.4863167
585,1584,-8.9661131
588,1587,-7.4075379
589,1588,-6.6717911
591,1590,-6.7344203
592,1591,-8.3887205
593,1592,-7.1729474
594,1593,-8.2224951
595,1594,-6.7659101
598,1597,-7.80266
599,1598,-9.3617773
600,1599,-5.8073273
601,1600,-9.202178
605,1604,-8.2070293
606,1605,-8.3527908
608,1607,-7.8073845
609,1608,-7.8780584
617,1616,-6.3583851
618,1617,-7.2923579
619,1618,-6.8700418
620,1619,-6.0272822
623,1622,-5.4297886
624,1623,-8.2002945
625,1624,-6.8808546
626,1625,-5.3503404
627,1626,-8.2207508
628,1627,-5.4330354
629,1628,-5.7689748
630,1629,-7.2590389
631,1630,-8.060936
632,1631,-8.0588465
633,1632,-7.0880799
634,1633,-7.4677439
635,1634,-8.0115795
636,1635,-8.8437338
637,1636,-8.092783
638,1637,-9.3369541
639,1638,-8.5225067
640,1639,-4.6538148
641,1640,-7.2763886
642,1641,-6.6656284
643,1642,-8.0758104
644,1643,-9.1549864
645,1644,-9.3507681
646,1645,-5.7829642
647,1646,-6.1246247
648,1647,-4.6829233
649,1648,-6.1200018
650,1649,-6.1217585
651,1650,-8.0856886
652,1651,-8.3416576
653,1652,-9.1689892
654,1653,-6.7391305
655,1654,-7.8715601
656,1655,-8.8352537
657,1656,-8.2730589
658,1657,-7.6621032
659,1658,-7.0510569
660,1659,-8.9979639
661,1660,-8.7637262
662,1661,-9.4422131
663,1662,-9.3160639
664,1663,-5.8392477
665,1664,-9.4076567
666,1665,-8.8856621
667,1666,-5.4267664
668,1667,-7.0450449
669,1668,-9.0444574
670,1669,-4.9846773
671,1670,-7.0067778
672,1671,-7.008945
673,1672,-9.5908146
674,1673,-8.397006
675,1674,-11.209929
676,1675,-9.5185003
677,1676,-9.9905396
678,1677,-7.7427649
679,1678,-8.890914
680,1679,-8.64713
681,1680,-7.5602536
682,1681,-8.762702
683,1682,-6.197926
684,1683,-8.4185724
685,1684,-9.7364426
686,1685,-8.7725601
687,1686,-7.8767109
688,1687,-5.1573472
689,1688,-8.228261
690,1689,-5.1976666
691,1690,-8.2577648
692,1691,-8.9475079
693,1692,-7.3205428
694,1693,-7.4324479
695,1694,-8.8192577
696,1695,-7.4569936
697,1696,-7.8278475
698,1697,-7.69801
699,1698,-7.9864702
700,1699,-7.5861044
701,1700,-7.9895563
702,1701,-4.7069793
703,1702,-6.5492101
704,1703,-7.6685486
705,1704,-8.0715723
706,1705,-7.2923646
707,1706,-6.689117
708,1707,-8.4266167
709,1708,-7.4177446
710,1709,-7.887198
711,1710,-6.7125077
712,1711,-8.9137392
713,1712,-8.9894285
714,1713,-5.9119215
715,1714,-7.1909714
716,1715,-8.0015383
717,1716,-8.574069
718,1717,-6.0616913
719,1718,-7.7159452
720,1719,-8.8560972
721,1720,-8.1204185
722,1721,-7.7736187
723,1722,-8.8585854
724,1723,-7.0811286
725,1724,-8.0155468
726,1725,-7.9172583
727,1726,-7.2024484
728,1727,-6.2549124
729,1728,-6.2253628
730,1729,-5.9481592
731,1730,-5.694581
732,1731,-6.6992898
733,1732,-6.8222041
734,1733,-7.8077579
736,1735,-6.5184865
737,1736,-7.0123873
738,1737,-7.8332038
739,1738,-8.4003897
740,1739,-6.2570481
741,1740,-5.0293989
742,1741,-7.7605162
743,1742,-4.7249455
744,1743,-5.0306587
745,1744,-5.5026646
746,1745,-5.7542105
748,1747,-4.5217195
749,1748,-4.902082
750,1749,-6.978857
752,1751,-5.5994182
753,1752,-6.3819008
754,1753,-5.659008
755,1754,-5.9773736
757,1756,-5.4523683
758,1757,-6.369453
759,1758,-6.7450237
760,1759,-4.2064919
761,1760,-5.333179
762,1761,-9.1294308
763,1762,-4.756372
765,1764,-6.8546572
766,1765,-5.0181913
767,1766,-5.4415812
768,1767,-8.2345371
769,1768,-5.9826813
770,1769,-9.3552132
771,1770,-5.1654072
772,1771,-4.5122085
773,1772,-4.7654161
774,1773,-7.5889258
775,1774,-6.1763287
776,1775,-6.5890083
777,1776,-5.9633999
778,1777,-5.8069119
779,1778,-6.5776219
780,1779,-4.7777548
782,1781,-4.8799462
783,1782,-5.0659204
784,1783,-7.6277747
785,1784,-6.9744081
788,1787,-8.8795929
789,1788,-9.0189161
790,1789,-9.4925213
792,1791,-6.2332282
793,1792,-5.6584334
794,1793,-5.927433
795,1794,-5.1121902
796,1795,-6.1695352
797,1796,-4.9945593
798,1797,-7.1933603
799,1798,-4.7415071
800,1799,-4.67591
801,1800,-5.5035648
802,1801,-8.1048841
803,1802,-5.7710543
804,1803,-4.8553643
805,1804,-6.0622854
806,1805,-6.9109836
807,1806,-5.702682
808,1807,-5.8280611
809,1808,-6.1001678
810,1809,-5.7242508
811,1810,-6.6543226
812,1811,-7.8359752
813,1812,-7.0911908
814,1813,-5.2131934
815,1814,-6.8462977
816,1815,-6.6373339
817,1816,-4.3084922
818,1817,-5.8115296
819,1818,-7.1116948
820,1819,-6.5558662
821,1820,-4.740788
822,1821,-5.4534698
823,1822,-6.3816309
824,1823,-6.9307718
825,1824,-6.1673923
826,1825,-5.2692752
827,1826,-6.809021
828,1827,-8.0281124
829,1828,-5.2578964
830,1829,-5.1403093
831,1830,-5.5053134
832,1831,-5.4017978
833,1832,-6.3921475
834,1833,-9.4568262
835,1834,-4.4435897
836,1835,-5.2652407
837,1836,-5.6484289
838,1837,-4.4835119
839,1838,-6.0103049
840,1839,-4.0353003
841,1840,-6.424439
842,1841,-4.2016778
843,1842,-5.3900733
844,1843,-7.0983481
845,1844,-7.3142266
846,1845,-5.2918458
847,1846,-4.1970601
848,1847,-8.0591097
849,1848,-4.1441598
850,1849,-4.6492596
851,1850,-4.9329314
852,1851,-5.1265912
853,1852,-4.6299973
854,1853,-5.4467068
855,1854,-6.8912272
856,1855,-6.6203666
857,1856,-5.1460481
858,1857,-5.3938818
859,1858,-6.5445352
860,1859,-6.8239393
861,1860,-4.9500871
862,1861,-6.3030286
863,1862,-6.757854
864,1863,-6.1782207
865,1864,-4.4910631
866,1865,-5.9602432
867,1866,-7.7684784
868,1867,-4.5569491
869,1868,-5.0093627
870,1869,-7.8090544
871,1870,-5.3605289
872,1871,-5.3416514
873,1872,-6.2952733
874,1873,-6.4153938
875,1874,-6.4152522
876,1875,-6.3006239
877,1876,-5.231719
878,1877,-6.7015882
879,1878,-4.9003162
880,1879,-5.3393788
881,1880,-4.5995655
882,1881,-7.1584649
883,1882,-5.887362
884,1883,-6.2521887
885,1884,-7.8195257
886,1885,-5.0680971
887,1886,-6.1144428
888,1887,-6.6691723
889,1888,-8.2409258
890,1889,-5.1782808
891,1890,-6.7435565
892,1891,-5.5406084
893,1892,-7.969099
894,1893,-5.8263583
895,1894,-5.3339787
896,1895,-5.7003565
897,1896,-4.2240129
898,1897,-6.6458445
899,1898,-4.9746265
900,1899,-4.8786459
901,1900,-5.9737821
902,1901,-5.4880018
903,1902,-5.4433866
904,1903,-4.7273726
905,1904,-9.1129236
906,1905,-6.0965877
907,1906,-7.1843152
908,1907,-5.3592319
909,1908,-4.6105204
910,1909,-5.6627955
911,1910,-8.8177767
912,1911,-5.7633624
913,1912,-7.7626634
914,1913,-5.7585449
915,1914,-6.22755
916,1915,-5.0221853
917,1916,-4.3028197
918,1917,-6.3908896
919,1918,-6.0095325
920,1919,-5.3135185
921,1920,-4.9659758
922,1921,-5.680027
923,1922,-4.7411003
924,1923,-7.6561341
925,1924,-6.9723358
927,1926,-9.645031
928,1927,-4.4181161
929,1928,-4.675705
930,1929,-6.0951848
931,1930,-5.5475593
932,1931,-7.9884758
933,1932,-5.9221072
936,1935,-4.072598
937,1936,-5.0514326
938,1937,-5.5214152
939,1938,-7.1089292
940,1939,-7.1324797
941,1940,-6.2508011
942,1941,-4.4958506
943,1942,-7.0078077
944,1943,-5.8425765
945,1944,-5.4994717
946,1945,-5.6642146
947,1946,-6.5496712
948,1947,-6.7745476
949,1948,-4.3342538
950,1949,-4.4982047
951,1950,-5.0528708
952,1951,-5.7101746
953,1952,-5.1867485
954,1953,-4.3473535
955,1954,-4.2237639
957,1956,-4.8329301
958,1957,-6.0561285
959,1958,-5.4735422
960,1959,-4.6177707
961,1960,-4.402514
962,1961,-5.3658686
963,1962,-4.6684427
964,1963,-5.0681624
965,1964,-5.3797436
966,1965,-5.4954495
967,1966,-5.4776645
968,1967,-6.122138
969,1968,-5.1226826
970,1969,-5.5767517
971,1970,-3.7936945
972,1971,-4.7870111
973,1972,-5.9443712
974,1973,-5.3425779
975,1974,-5.5929971
976,1975,-5.7227798
977,1976,-4.659831
978,1977,-4.9235353
979,1978,-6.2835789
980,1979,-6.0859537
981,1980,-5.3390794
982,1981,-5.3646126
983,1982,-4.5063877
984,1983,-5.5428705
985,1984,-6.3822112
986,1985,-5.9015474
987,1986,-5.5970149
988,1987,-6.7365336
989,1988,-4.7147427
990,1989,-4.9430737
991,1990,-5.0011811
992,1991,-5.9669642
993,1992,-4.1496243
994,1993,-4.8909302
995,1994,-5.312664
996,1995,-6.4394588
997,1996,-5.6275454
998,1997,-4.9302793
999,1998,-6.2122698
1000,1999,-6.0218983
1,2000,-8.1584291
2,2001,-6.3066654
3,2002,-5.774106
4,2003,-5.8961778
5,2004,-6.0187798
6,2005,-5.6369677
7,2006,-6.5579729
8,2007,-5.6379623
9,2008,-5.1886034
10,2009,-5.1435151
11,2010,-4.8675594
12,2011,-4.9546366
13,2012,-6.216455
14,2013,-3.6713905
15,2014,-8.9339552
16,2015,-5.5255146
17,2016,-4.8597212
18,2017,-4.2323136
19,2018,-5.9186683
20,2019,-3.6710806
21,2020,-5.8719187
22,2021,-4.8689156
23,2022,-5.5522866
24,2023,-6.3755274
25,2024,-6.770349
27,2026,-5.1380672
28,2027,-5.3976336
29,2028,-5.1016884
30,2029,-6.0620918
31,2030,-5.8611488
32,2031,-6.9065084
33,2032,-4.6728683
34,2033,-4.5366888
35,2034,-6.5112939
36,2035,-5.8007698
37,2036,-7.9722533
38,2037,-6.1343961
39,2038,-6.3660884
40,2039,-5.179491
41,2040,-5.4769726
42,2041,-5.7072225
43,2042,-5.5832958
44,2043,-5.0160184
45,2044,-5.6735749
46,2045,-6.7977719
47,2046,-7.8552904
48,2047,-6.7701964
49,2048,-5.8292542
50,2049,-4.5266519
51,2050,-4.5619664
52,2051,-4.9086118
53,2052,-4.4577918
54,2053,-7.8423533
55,2054,-4.815361
56,2055,-5.676158
57,2056,-4.8499851
58,2057,-5.5498714
59,2058,-4.8515768
60,2059,-4.5006533
61,2060,-3.9908285
62,2061,-6.1953483
63,2062,-5.2305698
64,2063,-4.3989635
65,2064,-7.1779752
66,2065,-6.5432091
67,2066,-5.1593003
68,2067,-5.6272354
69,2068,-6.3574924
70,2069,-8.1681643
71,2070,-4.7916403
72,2071,-7.8702765
73,2072,-4.9026909
74,2073,-7.321269
75,2074,-5.090909
76,2075,-5.6098714
77,2076,-4.4027014
78,2077,-6.839829
79,2078,-5.0103598
80,2079,-6.5870562
81,2080,-6.2662072
82,2081,-5.044591
83,2082,-6.6294489
84,2083,-8.0448751
86,2085,-6.1442957
87,2086,-6.6862669
88,2087,-4.7811599
89,2088,-5.4921765
90,2089,-4.0588307
91,2090,-5.7995396
93,2092,-6.0975256
94,2093,-5.4770393
95,2094,-6.8353968
102,2101,-6.1233468
103,2102,-6.5093307
104,2103,-6.9213018
106,2105,-5.1290665
107,2106,-5.65518
108,2107,-5.5382466
109,2108,-4.8541179
110,2109,-5.7025986
111,2110,-6.9276028
112,2111,-8.314888
113,2112,-8.7898283
114,2113,-6.8986325
116,2115,-5.6526432
118,2117,-7.5088515
119,2118,-8.5048704
121,2120,-7.2239265
122,2121,-4.1414919
123,2122,-4.6212754
124,2123,-8.4802351
125,2124,-9.6572399
126,2125,-5.9650788
127,2126,-5.7918105
130,2129,-6.7767501
131,2130,-7.5148354
133,2132,-6.78263
134,2133,-6.3686495
136,2135,-5.87883
138,2137,-8.8680983
139,2138,-10.087989
140,2139,-6.5237308
141,2140,-8.7774582
142,2141,-5.4592814
143,2142,-5.3179636
144,2143,-4.6144915
145,2144,-4.7112894
146,2145,-4.2798839
147,2146,-4.1393461
148,2147,-6.4178138
149,2148,-4.0441685
150,2149,-3.9277661
151,2150,-7.2024617
152,2151,-5.148808
153,2152,-5.9802895
154,2153,-5.0742073
155,2154,-4.479351
156,2155,-5.5720863
157,2156,-5.4832864
158,2157,-5.9673696
159,2158,-5.1715212
160,2159,-6.0314837
161,2160,-4.6752853
162,2161,-7.0636053
163,2162,-5.8961658
164,2163,-5.5293007
165,2164,-5.5706797
166,2165,-4.6895642
168,2167,-5.9820828
169,2168,-5.3648057
170,2169,-7.6015334
171,2170,-6.8497682
172,2171,-4.7252569
174,2173,-5.8505182
175,2174,-5.0302076
176,2175,-8.0170937
177,2176,-7.7122526
178,2177,-6.3574772
179,2178,-6.3988695
180,2179,-5.1859598
181,2180,-6.1892052
182,2181,-8.0033083
183,2182,-7.5564122
184,2183,-7.0117893
185,2184,-4.7893524
186,2185,-7.1666694
187,2186,-6.7603922
188,2187,-5.5150023
189,2188,-5.1127539
190,2189,-6.5418429
191,2190,-6.3163867
192,2191,-5.09832
195,2194,-5.1503019
196,2195,-5.9773259
197,2196,-5.4482183
198,2197,-8.444128
199,2198,-6.6517997
200,2199,-7.4627652
201,2200,-6.3588185
202,2201,-6.6922369
203,2202,-6.3894882
205,2204,-7.3665276
206,2205,-5.1804614
207,2206,-8.0299273
208,2207,-5.1104922
209,2208,-6.7781701
211,2210,-5.1791201
212,2211,-5.4824157
213,2212,-5.3878865
214,2213,-5.3698039
215,2214,-5.9929953
216,2215,-5.7490439
217,2216,-4.8138537
218,2217,-4.1663799
219,2218,-5.7589355
220,2219,-7.5304661
221,2220,-6.5789618
222,2221,-8.1983614
223,2222,-5.5299258
224,2223,-6.0122213
225,2224,-7.2622237
226,2225,-5.9957581
227,2226,-5.5395265
228,2227,-8.8704634
229,2228,-9.1471863
230,2229,-9.7042656
231,2230,-5.016397
232,2231,-9.9336891
233,2232,-7.5778432
234,2233,-8.2584591
235,2234,-4.3784909
236,2235,-5.5211596
237,2236,-6.3329763
239,2238,-4.9607878
240,2239,-5.1560955
241,2240,-3.6870584
242,2241,-6.8600836
243,2242,-4.1897869
244,2243,-5.9603386
246,2245,-5.6765451
247,2246,-4.3731866
248,2247,-5.6457081
251,2250,-4.8166432
253,2252,-6.5029521
255,2254,-5.0395226
258,2257,-8.2697735
259,2258,-8.6570978
261,2260,-5.3145385
262,2261,-5.1471562
264,2263,-6.0100904
265,2264,-4.5944018
266,2265,-10.215968
268,2267,-5.6908479
272,2271,-8.1774197
273,2272,-8.2097998
275,2274,-9.3755674
277,2276,-5.7253084
278,2277,-4.8381433
280,2279,-7.6748476
281,2280,-8.9340191
282,2281,-7.994916
284,2283,-8.2888975
285,2284,-4.9633088
286,2285,-5.2066617
288,2287,-9.8356295
291,2290,-4.9136753
292,2291,-4.0820646
294,2293,-5.1618676
295,2294,-7.6832852
297,2296,-7.691062
298,2297,-8.1063251
299,2298,-8.0612392
300,2299,-8.6364126
301,2300,-9.0831671
302,2301,-6.9753895
303,2302,-5.5273337
304,2303,-4.775425
305,2304,-7.9838376
306,2305,-8.8342829
307,2306,-7.3752484
309,2308,-5.6067123
311,2310,-6.9652815
312,2311,-8.3680344
314,2313,-5.9239149
315,2314,-6.9152985
316,2315,-6.0397925
319,2318,-7.8118324
320,2319,-6.6754794
321,2320,-6.3153243
323,2322,-9.0248432
324,2323,-9.4171209
325,2324,-4.1993303
326,2325,-4.6214905
327,2326,-5.3700156
328,2327,-5.1728721
329,2328,-4.7340803
330,2329,-8.0184498
331,2330,-5.1887307
332,2331,-7.008316
333,2332,-5.690886
334,2333,-7.167665
335,2334,-7.188868
336,2335,-5.5164351
337,2336,-6.4817634
338,2337,-6.4160681
339,2338,-7.4491601
340,2339,-7.4761238
341,2340,-5.5811691
342,2341,-8.6707487
343,2342,-7.6218114
344,2343,-7.3948388
345,2344,-8.4196386
346,2345,-5.3842897
347,2346,-5.2456589
348,2347,-5.8817515
349,2348,-8.414403
350,2349,-5.0689902
351,2350,-7.8118138
352,2351,-7.658401
353,2352,-8.9132538
354,2353,-6.056715
355,2354,-8.8447161
356,2355,-5.3848748
357,2356,-6.6246362
358,2357,-5.6729102
359,2358,-8.7681017
360,2359,-8.1125212
361,2360,-8.9168787
362,2361,-5.5986681
364,2363,-4.9354916
365,2364,-8.5988836
366,2365,-5.301805
367,2366,-5.7030706
368,2367,-6.0166078
369,2368,-9.4083796
370,2369,-7.3818021
372,2371,-5.4412298
373,2372,-6.2534695
374,2373,-4.8151693
375,2374,-5.1854763
376,2375,-5.8845248
377,2376,-7.7410884
378,2377,-5.3281984
379,2378,-5.8458056
380,2379,-5.9493136
381,2380,-6.9449191
382,2381,-5.721169
383,2382,-6.2247343
384,2383,-5.8798656
385,2384,-5.1347561
386,2385,-7.4374185
387,2386,-6.0357885
389,2388,-5.5284338
390,2389,-7.8431416
391,2390,-5.9619598
392,2391,-7.7305622
393,2392,-5.3189945
394,2393,-6.0273957
395,2394,-6.1016603
396,2395,-6.4514432
397,2396,-5.6859403
398,2397,-6.3264322
399,2398,-5.8232746
400,2399,-6.833312
401,2400,-7.7932916
402,2401,-6.2449684
403,2402,-5.6777673
404,2403,-6.6021991
405,2404,-6.6706343
406,2405,-6.2717767
407,2406,-7.7855787
408,2407,-5.7888041
409,2408,-6.5971642
410,2409,-7.0464234
411,2410,-7.5532427
412,2411,-7.0438943
413,2412,-5.9698734
414,2413,-8.4630728
416,2415,-6.2971725
417,2416,-6.4519186
418,2417,-9.5807467
419,2418,-8.2344322
420,2419,-7.253274
421,2420,-6.5119944
422,2421,-8.203701
423,2422,-4.8605285
424,2423,-4.5791597
425,2424,-5.0763326
426,2425,-5.4138937
427,2426,-7.8236108
428,2427,-5.5807958
429,2428,-5.3887124
430,2429,-5.729907
431,2430,-6.3039908
432,2431,-5.7855287
433,2432,-5.6714134
434,2433,-7.3062983
435,2434,-5.6685677
436,2435,-7.3277111
437,2436,-7.200489
438,2437,-7.6386094
439,2438,-5.9165359
440,2439,-8.9534712
441,2440,-8.4755068
442,2441,-5.1831212
443,2442,-8.385849
444,2443,-5.5750513
445,2444,-7.2602282
446,2445,-7.2144313
447,2446,-6.6746788
448,2447,-6.3560543
449,2448,-6.1586928
450,2449,-7.9537539
451,2450,-5.3863783
452,2451,-5.2853684
453,2452,-5.6049223
454,2453,-5.6810756
455,2454,-6.5103087
460,2459,-5.842988
461,2460,-8.0836849
462,2461,-8.219348
463,2462,-4.9554629
464,2463,-6.2946472
465,2464,-10.071733
467,2466,-7.1739888
470,2469,-4.9837232
471,2470,-5.2458248
473,2472,-6.6950798
474,2473,-5.351932
475,2474,-8.4105787
476,2475,-6.1857553
477,2476,-6.8367114
478,2477,-8.0583744
480,2479,-7.7249117
481,2480,-8.2561474
483,2482,-9.8649197
484,2483,-4.6773143
486,2485,-8.0913858
487,2486,-5.8655705
488,2487,-5.6768909
489,2488,-6.3070188
490,2489,-6.5937462
491,2490,-6.0697088
492,2491,-6.2291436
493,2492,-5.7066588
494,2493,-5.6069818
495,2494,-6.2762241
496,2495,-5.9917088
497,2496,-7.4914126
498,2497,-5.1668539
499,2498,-6.4831915
500,2499,-6.1465454
501,2500,-4.3606625
502,2501,-6.9788499
503,2502,-5.772738
504,2503,-5.9330854
505,2504,-5.0706801
507,2506,-5.6955299
508,2507,-8.5883255
509,2508,-5.4016767
510,2509,-4.3433967
511,2510,-6.2328315
512,2511,-9.2165051
513,2512,-8.2507544
514,2513,-5.9797063
515,2514,-6.8871241
517,2516,-6.2250123
518,2517,-9.6042023
519,2518,-5.2965989
520,2519,-8.2141142
521,2520,-4.5259395
522,2521,-7.6948695
524,2523,-8.1216812
526,2525,-8.3258295
527,2526,-11.192308
528,2527,-7.625257
529,2528,-6.6415234
531,2530,-7.9695959
532,2531,-8.922389
533,2532,-5.761919
534,2533,-8.2069197
535,2534,-5.7848358
536,2535,-4.4117165
537,2536,-5.1848893
538,2537,-4.911458
539,2538,-5.7272363
540,2539,-5.1720757
541,2540,-5.1025386
542,2541,-5.3647861
543,2542,-4.541306
544,2543,-5.1043649
545,2544,-8.0414305
546,2545,-5.5438514
547,2546,-5.3116846
548,2547,-6.1004829
549,2548,-5.5861006
550,2549,-5.475203
551,2550,-5.5262747
552,2551,-5.942482
553,2552,-6.117002
554,2553,-4.7794118
555,2554,-5.6857338
556,2555,-5.7925725
557,2556,-5.8727565
558,2557,-6.602519
559,2558,-10.052221
561,2560,-8.9901075
562,2561,-6.8868194
563,2562,-7.4016752
564,2563,-6.4992108
565,2564,-6.7201257
566,2565,-6.7911835
567,2566,-5.1509914
568,2567,-6.933105
569,2568,-5.4252992
570,2569,-7.9876971
571,2570,-6.0167027
572,2571,-5.1787782
573,2572,-6.0591173
574,2573,-9.4786234
575,2574,-7.8950815
576,2575,-5.874198
577,2576,-5.9114919
578,2577,-6.5485082
579,2578,-6.0982409
580,2579,-4.2903376
581,2580,-5.6998873
582,2581,-6.2325768
583,2582,-6.2937055
584,2583,-4.7659302
585,2584,-4.8628922
586,2585,-7.5625606
587,2586,-4.8937416
589,2588,-5.6910758
590,2589,-6.1808019
591,2590,-7.3788915
592,2591,-5.4212627
593,2592,-5.1807408
594,2593,-5.9686818
595,2594,-6.1647325
596,2595,-10.651199
597,2596,-7.1422606
598,2597,-8.8628445
599,2598,-8.5682526
600,2599,-7.0686436
601,2600,-8.0641232
602,2601,-5.7319784
603,2602,-4.3637953
604,2603,-10.00453
605,2604,-4.8470607
606,2605,-4.2275925
607,2606,-9.1723595
608,2607,-4.4597239
609,2608,-8.1877909
610,2609,-7.804987
611,2610,-8.6488867
612,2611,-6.3443995
613,2612,-7.4110403
614,2613,-6.9445133
615,2614,-5.9029822
616,2615,-8.1751471
618,2617,-9.3300152
619,2618,-9.7162819
620,2619,-9.7468243
621,2620,-8.3184977
622,2621,-5.5270042
623,2622,-7.8958573
624,2623,-6.7354913
625,2624,-7.3817711
626,2625,-6.6038089
627,2626,-8.200922
629,2628,-4.1999373
632,2631,-5.9713707
633,2632,-10.629145
634,2633,-7.9347019
636,2635,-7.9719062
637,2636,-6.8364744
638,2637,-8.8821297
639,2638,-6.9743619
640,2639,-8.6686516
641,2640,-8.0660706
642,2641,-9.4726381
643,2642,-8.4357395
650,2649,-6.9669709
651,2650,-5.936223
654,2653,-6.9401774
655,2654,-6.1302824
656,2655,-7.6029739
657,2656,-6.7872996
658,2657,-6.5046625
659,2658,-7.9302578
660,2659,-9.2278442
661,2660,-8.4097023
662,2661,-5.9629679
665,2664,-8.607522
666,2665,-9.4688749
670,2669,-11.104905
671,2670,-9.9916916
672,2671,-7.9160352
673,2672,-6.9070392
679,2678,-7.044991
680,2679,-5.5447421
682,2681,-5.8092704
683,2682,-8.4019909
684,2683,-8.2457094
685,2684,-6.110549
686,2685,-7.7823982
687,2686,-6.1842904
688,2687,-5.9903755
689,2688,-8.9178619
690,2689,-8.9547987
691,2690,-7.4831743
692,2691,-8.8775053
693,2692,-8.1417379
694,2693,-7.5803285
695,2694,-7.0334249
696,2695,-5.6454659
697,2696,-9.4113064
698,2697,-8.0053339
699,2698,-7.8637004
700,2699,-8.9105873
701,2700,-5.4564939
702,2701,-5.5048108
703,2702,-6.9333725
704,2703,-9.2575207
705,2704,-10.572659
706,2705,-8.4661922
707,2706,-9.2601986
708,2707,-8.0545311
709,2708,-8.3968744
710,2709,-9.3632946
711,2710,-7.5811934
712,2711,-8.7130203
713,2712,-8.6176147
714,2713,-5.7128172
715,2714,-5.5008106
716,2715,-4.6380172
717,2716,-10.024207
718,2717,-8.1554565
719,2718,-7.867321
720,2719,-4.8550138
721,2720,-5.9991479
722,2721,-7.5335488
723,2722,-8.2388306
724,2723,-7.8460436
725,2724,-5.666553
726,2725,-7.4290338
727,2726,-7.764607
728,2727,-8.4496517
729,2728,-9.1803608
730,2729,-7.8133159
731,2730,-7.1774163
732,2731,-8.2516279
733,2732,-7.7846341
734,2733,-7.7305851
735,2734,-8.852582
736,2735,-6.5940986
737,2736,-4.4677143
738,2737,-8.3542452
739,2738,-8.2746382
740,2739,-8.384037
741,2740,-7.9157519
742,2741,-9.3726387
743,2742,-8.9776688
744,2743,-8.9691877
745,2744,-5.3475866
746,2745,-6.7076292
747,2746,-7.8684816
748,2747,-6.5164294
749,2748,-7.9817119
750,2749,-5.7547631
751,2750,-7.9725189
752,2751,-7.6880412
753,2752,-9.1966343
754,2753,-7.8336105
755,2754,-6.5768104
756,2755,-5.037025
757,2756,-7.8663497
758,2757,-6.259469
759,2758,-8.4537344
760,2759,-5.4423351
761,2760,-5.3766088
762,2761,-5.976088
763,2762,-5.190722
764,2763,-7.6043096
765,2764,-8.2139797
767,2766,-7.3104119
768,2767,-5.3889699
769,2768,-4.6787329
770,2769,-5.590827
771,2770,-6.4036908
772,2771,-9.5865297
773,2772,-8.7261448
774,2773,-5.6433573
775,2774,-8.6904478
776,2775,-7.136466
777,2776,-6.7933908
778,2777,-4.7789187
779,2778,-4.7354875
780,2779,-4.9222512
781,2780,-4.7080059
782,2781,-4.6884174
783,2782,-6.9854941
784,2783,-10.2521
785,2784,-10.169339
786,2785,-5.5834846
787,2786,-5.8091969
788,2787,-5.946023
789,2788,-5.7982016
790,2789,-5.1755843
791,2790,-4.491828
792,2791,-6.2530885
793,2792,-8.2140913
794,2793,-5.1300731
795,2794,-6.2679296
796,2795,-5.9187655
797,2796,-5.1503892
798,2797,-4.76161
799,2798,-5.7036943
800,2799,-6.2627201
801,2800,-8.363204
802,2801,-8.3780622
803,2802,-8.1144657
804,2803,-8.7950497
805,2804,-7.9887743
806,2805,-5.1130877
807,2806,-5.8411078
808,2807,-7.5346584
809,2808,-4.7137842
810,2809,-5.4508729
811,2810,-7.0954475
812,2811,-7.6469522
813,2812,-7.4588146
814,2813,-4.890553
815,2814,-9.2826052
816,2815,-4.8024096
818,2817,-6.5614152
819,2818,-8.8740292
820,2819,-7.6834607
821,2820,-8.109251
823,2822,-5.9612885
824,2823,-4.9947863
825,2824,-9.4656639
826,2825,-5.5618863
828,2827,-6.2177749
833,2832,-8.6470232
834,2833,-6.8680096
835,2834,-6.72088
836,2835,-5.4727311
838,2837,-6.6002626
839,2838,-7.6632228
840,2839,-8.0579576
841,2840,-6.2182016
843,2842,-8.338562
845,2844,-4.7093291
846,2845,-8.2901983
847,2846,-10.404906
850,2849,-8.6095505
851,2850,-8.1237526
854,2853,-7.6364946
855,2854,-8.2630539
856,2855,-7.1575341
857,2856,-6.8742328
858,2857,-8.5895519
859,2858,-7.7090836
860,2859,-7.1119604
861,2860,-7.5364823
863,2862,-8.1183481
864,2863,-8.6559896
865,2864,-9.0658894
866,2865,-8.7699013
867,2866,-8.2139311
869,2868,-4.2169971
871,2870,-8.1996489
872,2871,-6.726223
873,2872,-9.0047979
874,2873,-9.4277945
875,2874,-7.0061302
880,2879,-6.2059016
881,2880,-7.6017942
882,2881,-6.3370471
883,2882,-8.996109
885,2884,-7.1347618
886,2885,-5.9097614
887,2886,-7.9778199
888,2887,-9.0168829
889,2888,-8.4569693
890,2889,-7.0898581
891,2890,-8.3446236
892,2891,-9.1334257
893,2892,-8.3488932
894,2893,-6.0368109
895,2894,-6.668159
896,2895,-6.5099506
897,2896,-4.6211081
898,2897,-9.8303804
899,2898,-8.4373636
900,2899,-6.7110057
901,2900,-8.5735121
902,2901,-4.5590935
903,2902,-9.0366344
904,2903,-8.4800968
905,2904,-8.3509645
906,2905,-8.6601439
907,2906,-9.9536438
908,2907,-9.4310532
909,2908,-7.0582809
910,2909,-6.7692838
911,2910,-8.4951754
912,2911,-6.4224753
913,2912,-7.5566845
914,2913,-8.0112019
915,2914,-8.375123
916,2915,-7.4189754
917,2916,-8.5278387
918,2917,-7.8029876
919,2918,-7.779511
920,2919,-6.1832585
921,2920,-6.5345097
922,2921,-7.8852367
923,2922,-6.4377475
924,2923,-7.0208683
925,2924,-6.4492927
926,2925,-8.3087311
927,2926,-8.2227259
928,2927,-8.6728306
929,2928,-7.9479485
930,2929,-8.7809534
931,2930,-8.3283281
932,2931,-8.856041
933,2932,-4.7974877
934,2933,-8.9328098
935,2934,-7.9812737
936,2935,-7.1319628
937,2936,-7.6768951
938,2937,-9.021472
939,2938,-8.3883915
940,2939,-8.2681551
941,2940,-7.9703708
942,2941,-8.515274
943,2942,-5.7269912
944,2943,-8.8293009
945,2944,-6.3882971
946,2945,-7.4291587
947,2946,-7.1078248
948,2947,-7.2659125
949,2948,-7.0166249
950,2949,-8.965085
951,2950,-6.5411463
952,2951,-7.2070842
953,2952,-6.4242806
954,2953,-8.5946522
955,2954,-6.5285602
956,2955,-10.338944
957,2956,-7.2402186
958,2957,-6.80934
959,2958,-6.1162953
960,2959,-8.3330603
961,2960,-7.1300187
962,2961,-6.3196731
963,2962,-7.8668642
964,2963,-6.8352995
965,2964,-8.1623335
966,2965,-6.4509254
967,2966,-8.3392372
968,2967,-7.532413
969,2968,-8.2980442
970,2969,-7.6596341
971,2970,-4.1784492
972,2971,-8.5004187
973,2972,-8.8997259
974,2973,-6.1967554
975,2974,-7.5538683
976,2975,-5.3397141
977,2976,-5.7051444
978,2977,-7.5978785
979,2978,-7.8097849
980,2979,-6.9076014
981,2980,-6.6647949
982,2981,-5.8805861
983,2982,-5.720952
984,2983,-4.7677898
986,2985,-4.3784189
987,2986,-7.663445
988,2987,-5.2247415
989,2988,-9.7850962
991,2990,-5.0704398
992,2991,-5.5089569
995,2994,-5.4247551
996,2995,-6.1172342
997,2996,-5.2678661
998,2997,-6.1897655
999,2998,-6.6696444
1000,2999,-5.7914715
1,3000,-5.21839
2,3001,-4.9246783
3,3002,-5.1084981
4,3003,-4.0101123
5,3004,-6.1748204
6,3005,-4.3736267
7,3006,-7.2436061
8,3007,-8.2979031
9,3008,-6.1202116
10,3009,-3.888113
11,3010,-5.437376
13,3012,-5.1988959
14,3013,-4.6192222
15,3014,-9.4364634
16,3015,-5.3001971
18,3017,-7.3707047
19,3018,-8.0952902
22,3021,-8.3103065
23,3022,-8.6724749
24,3023,-6.2172251
25,3024,-3.9681761
26,3025,-5.1945496
27,3026,-6.0894399
28,3027,-8.4805737
29,3028,-4.8884754
30,3029,-5.2770295
31,3030,-6.2152066
32,3031,-4.8838167
35,3034,-5.307857
36,3035,-6.2369862
37,3036,-6.6396952
38,3037,-5.5337472
39,3038,-6.054894
40,3039,-5.3127341
41,3040,-4.5514097
42,3041,-5.143384
43,3042,-5.7760658
44,3043,-5.8148255
45,3044,-6.5177093
46,3045,-4.9594097
47,3046,-6.2170944
48,3047,-6.6998296
49,3048,-6.4392061
50,3049,-6.3085809
51,3050,-7.8519092
52,3051,-7.0122504
53,3052,-6.2047634
54,3053,-5.6010399
55,3054,-7.5744791
56,3055,-6.798151
57,3056,-6.6738777
58,3057,-6.4034657
59,3058,-5.3392859
60,3059,-6.063724
61,3060,-6.5738425
62,3061,-5.6229887
63,3062,-5.9802814
64,3063,-5.8776512
65,3064,-5.7238793
66,3065,-4.8880777
67,3066,-5.0873756
68,3067,-4.034945
69,3068,-5.7181067
70,3069,-4.8083563
71,3070,-4.5479932
72,3071,-5.1475959
73,3072,-5.8154655
74,3073,-5.4732552
75,3074,-8.8275328
76,3075,-6.2714901
77,3076,-5.9447489
78,3077,-5.6380744
79,3078,-6.7508936
80,3079,-7.3107424
81,3080,-6.3693218
82,3081,-5.6525636
83,3082,-6.342103
84,3083,-8.2815256
85,3084,-6.2426729
86,3085,-6.501173
87,3086,-4.4979811
88,3087,-4.1610556
89,3088,-4.3396473
90,3089,-5.852036
91,3090,-5.1935649
92,3091,-6.5158567
93,3092,-5.9841099
94,3093,-6.2485065
96,3095,-7.1351018
97,3096,-4.1122885
100,3099,-6.8483467
101,3100,-4.7387829
102,3101,-4.2750745
103,3102,-5.2486773
104,3103,-7.8379111
105,3104,-8.5495243
106,3105,-4.2477803
107,3106,-6.9912381
108,3107,-4.8007245
109,3108,-4.8620744
110,3109,-4.7340417
111,3110,-6.5752869
112,3111,-5.4538031
113,3112,-6.7293415
114,3113,-6.2634792
115,3114,-6.4376245
116,3115,-6.0919747
117,3116,-5.3840485
118,3117,-5.1139269
119,3118,-5.2517767
120,3119,-5.4364595
121,3120,-4.9039836
122,3121,-5.9751492
123,3122,-5.6414752
124,3123,-7.1366081
125,3124,-8.6491909
126,3125,-5.4886589
127,3126,-7.3109288
128,3127,-4.3628449
129,3128,-5.7380662
130,3129,-5.1605721
131,3130,-4.0334597
132,3131,-4.910831
133,3132,-5.3939915
134,3133,-5.3645921
135,3134,-6.8926263
136,3135,-6.4271803
137,3136,-3.8116941
138,3137,-4.9274907
139,3138,-5.6618838
140,3139,-5.6492534
141,3140,-5.8759723
142,3141,-4.572226
143,3142,-3.9456325
144,3143,-9.5578175
145,3144,-4.9604359
146,3145,-8.4381351
148,3147,-7.1026983
149,3148,-5.1990523
150,3149,-7.0513144
151,3150,-6.3859639
152,3151,-7.4232225
153,3152,-6.1264133
154,3153,-7.0377707
155,3154,-4.6570473
156,3155,-3.9556491
157,3156,-4.3778143
158,3157,-4.1834183
159,3158,-5.3306332
160,3159,-6.4718189
161,3160,-6.0148072
162,3161,-5.3197031
163,3162,-5.8261771
164,3163,-4.603394
165,3164,-7.5957627
166,3165,-4.6690879
167,3166,-6.2629275
168,3167,-4.0654798
169,3168,-6.0656619
170,3169,-5.1875982
171,3170,-6.2918978
172,3171,-4.2785339
173,3172,-6.9824662
174,3173,-5.4176192
175,3174,-4.7982955
176,3175,-4.4500523
177,3176,-5.3958282
178,3177,-4.4060555
179,3178,-7.2171135
180,3179,-5.2221417
181,3180,-8.4775991
182,3181,-4.4731998
183,3182,-5.3212562
184,3183,-6.19102
185,3184,-5.0177536
186,3185,-8.1067972
187,3186,-5.124959
188,3187,-6.073843
189,3188,-4.6674051
190,3189,-7.1042914
191,3190,-5.9313993
192,3191,-5.6220884
193,3192,-7.7879891
194,3193,-4.345603
195,3194,-6.39149
196,3195,-5.5729494
197,3196,-4.3200407
198,3197,-6.1962881
199,3198,-5.3131847
200,3199,-4.4735661
201,3200,-4.6943197
202,3201,-5.5382719
203,3202,-3.9357963
204,3203,-6.04075
205,3204,-4.1974587
206,3205,-4.9256144
207,3206,-5.242393
208,3207,-4.6422858
209,3208,-7.4554214
210,3209,-4.730022
211,3210,-6.5346613
212,3211,-7.2279396
213,3212,-7.7903562
214,3213,-4.8795052
215,3214,-6.0280514
217,3216,-4.9426436
218,3217,-5.0710611
219,3218,-5.7206564
220,3219,-6.5126181
221,3220,-4.8623304
222,3221,-5.1616011
223,3222,-4.4261584
224,3223,-4.439086
225,3224,-5.7313223
226,3225,-6.2769017
227,3226,-4.0292716
228,3227,-5.4104066
229,3228,-4.8421121
230,3229,-5.1685262
231,3230,-6.3014216
232,3231,-5.9588346
233,3232,-4.6358519
234,3233,-8.2421894
235,3234,-8.7367697
236,3235,-5.2093024
237,3236,-6.040297
238,3237,-6.3233066
239,3238,-6.3232856
240,3239,-5.7124009
241,3240,-4.9892726
242,3241,-7.7823935
243,3242,-4.9730844
244,3243,-6.617537
245,3244,-7.5987563
246,3245,-6.4147749
247,3246,-5.0438747
248,3247,-5.6666703
249,3248,-5.273819
250,3249,-6.8668723
251,3250,-5.9191899
252,3251,-5.6376119
253,3252,-7.7332034
254,3253,-5.3100839
255,3254,-8.5567169
256,3255,-6.5818081
257,3256,-5.6566696
258,3257,-7.1823483
259,3258,-6.2135119
260,3259,-5.3390522
261,3260,-5.6165514
262,3261,-4.951407
263,3262,-4.5715566
264,3263,-5.9087009
265,3264,-6.640439
266,3265,-8.1985712
267,3266,-6.0508566
268,3267,-5.4750519
269,3268,-6.7409897
270,3269,-4.5947356
271,3270,-5.2922368
272,3271,-4.6170774
273,3272,-5.4143581
274,3273,-3.8948338
275,3274,-5.1373148
276,3275,-6.3348837
277,3276,-5.013876
278,3277,-5.5097904
279,3278,-6.660955
280,3279,-4.1030798
281,3280,-5.5503378
282,3281,-4.1942015
283,3282,-4.3684902
284,3283,-4.2819834
285,3284,-4.6019516
286,3285,-6.5798736
288,3287,-9.5652227
290,3289,-8.5606833
291,3290,-5.4955759
292,3291,-5.1037412
293,3292,-4.3359485
294,3293,-3.9010372
295,3294,-4.9144964
296,3295,-5.4144235
297,3296,-4.6368494
298,3297,-5.4302979
299,3298,-5.9216619
300,3299,-8.437911
301,3300,-6.1570501
302,3301,-4.6414242
303,3302,-4.4043207
304,3303,-3.918968
305,3304,-4.0442877
306,3305,-6.9363666
307,3306,-7.5427237
308,3307,-5.3335385
309,3308,-5.8730264
310,3309,-5.137732
311,3310,-4.7006741
312,3311,-5.4364128
313,3312,-4.6832342
314,3313,-5.3735065
315,3314,-5.1243153
316,3315,-6.2265568
317,3316,-4.2503324
318,3317,-6.0812044
319,3318,-5.4725852
320,3319,-4.0679379
321,3320,-5.161047
322,3321,-7.6654768
323,3322,-5.7716818
324,3323,-6.2081375
325,3324,-5.1812005
326,3325,-5.4572558
327,3326,-4.6499763
328,3327,-7.2109537
329,3328,-5.2119727
330,3329,-9.225915
331,3330,-5.0417624
332,3331,-4.5260057
333,3332,-4.8120012
334,3333,-6.0822563
335,3334,-8.0797129
336,3335,-5.0391188
337,3336,-4.9806156
338,3337,-4.7609143
339,3338,-5.1953759
340,3339,-6.2367301
341,3340,-5.5382023
342,3341,-5.0271492
343,3342,-4.299602
344,3343,-5.3567405
345,3344,-5.5845594
347,3346,-5.4468584
348,3347,-7.7597823
349,3348,-4.8438973
351,3350,-3.888597
352,3351,-4.3115211
353,3352,-9.1037302
354,3353,-5.3811297
355,3354,-6.3801122
356,3355,-5.6650872
357,3356,-8.9211941
358,3357,-5.794951
359,3358,-8.5435677
360,3359,-7.1304102
361,3360,-6.5544209
362,3361,-5.0899806
363,3362,-7.8645253
364,3363,-9.4183493
365,3364,-6.9278388
366,3365,-9.0812054
367,3366,-10.414519
369,3368,-4.1912823
370,3369,-8.2508249
373,3372,-6.6505442
374,3373,-6.240633
375,3374,-8.3765335
376,3375,-5.6211152
377,3376,-8.1665583
378,3377,-6.5432005
380,3379,-5.2770538
381,3380,-7.5293145
382,3381,-4.5985188
383,3382,-4.4164195
384,3383,-4.9988995
386,3385,-4.8247228
387,3386,-4.3991117
388,3387,-5.303431
389,3388,-7.1540256
390,3389,-6.57232
391,3390,-5.761744
392,3391,-4.4843116
393,3392,-4.8662739
395,3394,-7.6915607
396,3395,-4.8153915
397,3396,-6.3435092
398,3397,-6.5766535
399,3398,-6.0936909
400,3399,-5.7956948
401,3400,-5.8823686
402,3401,-5.8857741
403,3402,-5.5655446
404,3403,-7.5009408
405,3404,-6.50353
406,3405,-8.3150406
407,3406,-8.1092396
408,3407,-6.1056757
409,3408,-4.7139964
410,3409,-5.7427011
411,3410,-7.7668462
412,3411,-8.6353264
413,3412,-6.216011
414,3413,-8.7434111
416,3415,-7.7965889
417,3416,-5.389617
418,3417,-9.1473885
419,3418,-4.745048
420,3419,-6.7109871
421,3420,-6.6342387
422,3421,-8.0057669
423,3422,-6.1032991
424,3423,-5.7882509
425,3424,-4.3657007
426,3425,-7.2160521
427,3426,-5.3024316
428,3427,-4.3787222
429,3428,-5.5253906
431,3430,-5.1910338
432,3431,-5.1810441
433,3432,-5.374229
435,3434,-4.2830195
436,3435,-6.1115603
437,3436,-9.1438265
438,3437,-5.8333979
441,3440,-6.4779234
442,3441,-5.0817776
443,3442,-8.0730286
444,3443,-5.3133178
445,3444,-6.1011968
446,3445,-6.086401
447,3446,-9.3346195
448,3447,-6.4388356
449,3448,-5.584362
450,3449,-6.9188914
451,3450,-5.64996
452,3451,-4.864984
453,3452,-6.4189801
454,3453,-5.3054256
455,3454,-5.6417985
456,3455,-5.0161357
457,3456,-5.2512622
458,3457,-5.7667794
459,3458,-6.687851
460,3459,-5.1234927
461,3460,-3.1424236
463,3462,-5.6735802
464,3463,-6.6204376
465,3464,-5.688272
466,3465,-9.5361271
467,3466,-4.7543988
468,3467,-5.2371469
469,3468,-5.7230134
471,3470,-5.7260299
472,3471,-6.3830976
473,3472,-7.8653264
475,3474,-6.0548568
476,3475,-8.9616003
477,3476,-5.4263005
478,3477,-5.2289038
479,3478,-6.1209412
480,3479,-4.9795465
481,3480,-9.8717337
482,3481,-4.8535523
483,3482,-4.0182319
484,3483,-6.2745371
485,3484,-5.2992525
487,3486,-5.3695908
488,3487,-4.8148022
489,3488,-4.1520586
490,3489,-4.5554714
491,3490,-8.4744368
492,3491,-8.2709856
493,3492,-4.0475225
494,3493,-5.8198123
495,3494,-4.092638
496,3495,-5.3011589
497,3496,-5.4099193
498,3497,-6.8716516
499,3498,-6.3310575
500,3499,-5.475378
501,3500,-5.2669063
502,3501,-4.3434772
503,3502,-5.2691836
504,3503,-5.8208404
505,3504,-4.8692627
506,3505,-8.7648792
507,3506,-6.4798737
508,3507,-7.5907793
509,3508,-5.1411967
510,3509,-7.0905261
511,3510,-4.6086879
512,3511,-5.9745493
513,3512,-8.5691395
514,3513,-5.4095645
515,3514,-8.5298023
517,3516,-6.2622294
518,3517,-7.9165983
520,3519,-7.8340397
524,3523,-9.5515079
525,3524,-5.9833441
526,3525,-8.1242266
527,3526,-7.7821803
528,3527,-5.2614598
529,3528,-9.0147495
530,3529,-8.2965679
533,3532,-8.468009
534,3533,-6.5842161
536,3535,-9.1234713
537,3536,-8.067832
538,3537,-6.9913998
542,3541,-4.7117925
545,3544,-5.7248545
548,3547,-8.8161821
549,3548,-9.2751303
551,3550,-8.7644405
552,3551,-6.0969591
553,3552,-8.274353
554,3553,-7.3974328
555,3554,-6.1566901
556,3555,-4.7977362
557,3556,-5.0878339
558,3557,-7.2529678
559,3558,-5.8302331
560,3559,-4.2404289
561,3560,-5.9997678
562,3561,-6.8166161
563,3562,-8.0883293
564,3563,-8.7788639
565,3564,-8.5952463
566,3565,-7.4707036
567,3566,-9.1305485
568,3567,-5.7432709
569,3568,-6.4686203
570,3569,-7.7928925
571,3570,-7.5695405
572,3571,-7.1958199
573,3572,-7.9965563
574,3573,-8.6982231
575,3574,-5.0754042
576,3575,-6.1415553
577,3576,-10.20233
579,3578,-6.415422
580,3579,-5.5898108
581,3580,-8.8199024
582,3581,-8.280551
583,3582,-4.9311967
585,3584,-5.0953197
587,3586,-6.2877955
588,3587,-8.8030653
589,3588,-4.9936371
590,3589,-5.7975583
591,3590,-5.4389377
592,3591,-4.6013279
593,3592,-5.0320973
594,3593,-5.4165592
595,3594,-4.9406757
596,3595,-6.7292709
597,3596,-7.0970011
598,3597,-5.058063
599,3598,-7.6206594
600,3599,-6.669251
601,3600,-7.3363504
602,3601,-7.1553693
603,3602,-5.3291554
604,3603,-8.1562881
605,3604,-7.9857125
606,3605,-8.2848692
607,3606,-8.6674318
608,3607,-5.881278
609,3608,-8.1981268
610,3609,-8.6820412
611,3610,-8.5247955
612,3611,-8.7747869
613,3612,-8.6588869
614,3613,-7.8095999
615,3614,-8.3842144
616,3615,-8.9825087
617,3616,-6.7852468
618,3617,-10.074729
619,3618,-7.2892013
620,3619,-5.1294255
621,3620,-5.6003022
622,3621,-4.5924273
623,3622,-7.447
624,3623,-6.0440059
625,3624,-6.3307986
626,3625,-9.7409554
627,3626,-6.6633453
628,3627,-8.8794222
629,3628,-8.6528912
630,3629,-7.2109904
631,3630,-6.518611
632,3631,-7.7197938
633,3632,-5.7224584
634,3633,-5.6788568
636,3635,-9.5394211
637,3636,-5.4505124
638,3637,-6.3253746
639,3638,-7.1177282
640,3639,-5.9920278
641,3640,-6.551291
642,3641,-6.2674937
643,3642,-5.880548
644,3643,-5.1678996
645,3644,-5.7874708
646,3645,-6.0889297
647,3646,-5.7598128
648,3647,-7.1872225
649,3648,-5.727108
650,3649,-5.9667134
651,3650,-5.8976984
652,3651,-6.4127336
653,3652,-6.8901544
654,3653,-5.637568
655,3654,-6.3245082
656,3655,-5.6202645
657,3656,-5.8987174
658,3657,-5.8038192
659,3658,-6.2917013
660,3659,-5.5295267
661,3660,-6.1380677
662,3661,-5.3090768
663,3662,-8.4348764
664,3663,-6.4440732
665,3664,-5.6952724
666,3665,-7.3377647
667,3666,-7.4326091
668,3667,-5.7093477
669,3668,-7.0829344
670,3669,-6.0580029
671,3670,-6.3199129
672,3671,-5.9204454
673,3672,-8.3453074
674,3673,-6.0479665
675,3674,-6.1962061
676,3675,-6.2091632
677,3676,-8.6477795
678,3677,-6.3180652
679,3678,-8.3874693
680,3679,-6.4531651
681,3680,-6.3802533
682,3681,-6.8533235
683,3682,-8.8290405
684,3683,-6.6375284
685,3684,-7.7797036
686,3685,-7.3908696
687,3686,-9.908927
688,3687,-8.1574516
689,3688,-6.966536
690,3689,-5.8112745
691,3690,-4.506897
692,3691,-5.5037713
693,3692,-5.8406258
694,3693,-5.4015613
695,3694,-5.527751
696,3695,-5.6182156
697,3696,-6.0204248
698,3697,-5.8390927
699,3698,-5.6923785
700,3699,-5.8945413
701,3700,-6.6795979
702,3701,-6.7338257
703,3702,-7.1645951
704,3703,-8.0208178
705,3704,-7.3858414
706,3705,-9.1691847
707,3706,-8.9334602
708,3707,-5.7793221
709,3708,-5.4793839
710,3709,-6.4653106
712,3711,-6.6201835
713,3712,-8.0900021
714,3713,-7.975626
715,3714,-6.3412986
716,3715,-6.5917134
717,3716,-5.3937802
718,3717,-4.9393907
719,3718,-5.2962594
720,3719,-5.5876284
721,3720,-6.1943593
722,3721,-7.8111157
726,3725,-4.969605
727,3726,-6.8588982
728,3727,-8.2638626
729,3728,-5.757257
730,3729,-6.4616065
731,3730,-6.0498972
732,3731,-6.3328905
733,3732,-8.6814165
734,3733,-5.4059429
735,3734,-6.8970561
736,3735,-6.0076194
737,3736,-5.7927547
739,3738,-5.1478276
740,3739,-6.0064654
742,3741,-6.4733658
743,3742,-7.0224123
744,3743,-7.9682512
745,3744,-7.1258793
746,3745,-6.1016583
748,3747,-8.8656139
749,3748,-8.9232836
750,3749,-5.3008795
751,3750,-8.0859261
752,3751,-7.2371588
755,3754,-9.5742645
756,3755,-8.368804
757,3756,-5.3182569
758,3757,-7.8270421
759,3758,-5.4303818
760,3759,-6.1478648
761,3760,-6.6140203
763,3762,-5.6064019
764,3763,-5.6228085
765,3764,-5.5154057
766,3765,-7.0360198
767,3766,-5.7887945
768,3767,-3.881988
769,3768,-7.6811152
770,3769,-10.006269
772,3771,-4.6274118
773,3772,-4.7210636
774,3773,-5.7127104
775,3774,-5.2709174
776,3775,-4.4091091
777,3776,-6.2604227
778,3777,-6.2969856
779,3778,-4.3841286
781,3780,-4.8499517
782,3781,-7.9309049
784,3783,-6.1843886
785,3784,-6.5761194
786,3785,-4.013453
788,3787,-4.9814243
789,3788,-5.6580429
790,3789,-7.4788718
791,3790,-6.3320436
792,3791,-6.3834834
793,3792,-6.9858298
795,3794,-7.1664672
796,3795,-6.3528013
797,3796,-9.5545626
798,3797,-7.2820959
799,3798,-8.1814051
801,3800,-4.4915328
803,3802,-8.9764032
805,3804,-6.1553116
806,3805,-6.2903275
808,3807,-4.9092684
811,3810,-8.8084736
812,3811,-8.6294136
813,3812,-6.1332502
814,3813,-5.312664
815,3814,-8.3139343
816,3815,-4.4554687
817,3816,-5.7127066
818,3817,-9.9014359
819,3818,-6.0509319
820,3819,-4.8318615
821,3820,-5.5637093
822,3821,-9.92665
824,3823,-5.5903478
825,3824,-4.2657804
826,3825,-5.3701625
827,3826,-6.3990331
828,3827,-5.9198232
829,3828,-4.3373122
830,3829,-5.9983773
831,3830,-5.7267156
833,3832,-5.8403802
834,3833,-5.946692
835,3834,-5.0674591
836,3835,-5.2831068
837,3836,-6.3773623
838,3837,-5.4177041
839,3838,-7.1546836
840,3839,-7.2238574
841,3840,-8.3834944
842,3841,-6.1103578
843,3842,-7.3182731
844,3843,-6.0458212
845,3844,-6.846549
846,3845,-7.9840364
847,3846,-6.0095935
848,3847,-5.6913233
849,3848,-7.8964696
850,3849,-8.134366
851,3850,-6.9222488
852,3851,-4.2711802
853,3852,-5.1593871
854,3853,-6.0514932
855,3854,-7.5565319
856,3855,-5.5831032
857,3856,-10.171807
858,3857,-8.8856783
859,3858,-4.7866364
860,3859,-9.2718048
861,3860,-7.7889271
862,3861,-5.4133506
863,3862,-6.3890386
864,3863,-5.7780437
865,3864,-5.720757
866,3865,-7.8790665
867,3866,-6.6508894
868,3867,-5.8871064
869,3868,-6.5072894
870,3869,-7.2435555
871,3870,-8.3691559
872,3871,-6.2932448
873,3872,-8.4102612
874,3873,-5.1131649
875,3874,-5.6775289
876,3875,-4.4373989
877,3876,-5.4321451
878,3877,-8.9723063
879,3878,-4.697567
880,3879,-6.2188158
881,3880,-6.4655485
882,3881,-5.8210006
883,3882,-5.2991786
884,3883,-8.0057697
885,3884,-5.1109519
886,3885,-6.4764423
887,3886,-7.5620461
888,3887,-3.8918324
889,3888,-7.9126129
890,3889,-8.1917734
891,3890,-5.5843
895,3894,-8.5904303
896,3895,-7.5446501
898,3897,-7.3185134
899,3898,-7.2321587
900,3899,-7.0388098
901,3900,-6.3680363
902,3901,-8.0570879
904,3903,-7.4933753
908,3907,-6.3068118
909,3908,-8.7190371
910,3909,-8.1319838
911,3910,-7.136323
912,3911,-8.2600107
913,3912,-8.0293179
914,3913,-6.2514048
916,3915,-9.3336439
917,3916,-7.2710519
918,3917,-6.9227915
919,3918,-6.1883926
920,3919,-6.0605822
922,3921,-5.3051295
923,3922,-6.2625275
924,3923,-7.6872668
926,3925,-6.4367948
930,3929,-6.6587582
931,3930,-6.9944491
932,3931,-5.5933042
934,3933,-6.7887149
935,3934,-5.9453335
936,3935,-6.7701907
937,3936,-6.2691007
938,3937,-6.7625556
940,3939,-8.4855652
941,3940,-8.5571632
944,3943,-6.1726489
945,3944,-5.9653716
947,3946,-10.457006
950,3949,-6.8049974
951,3950,-9.8424187
952,3951,-7.126554
953,3952,-6.2415266
954,3953,-5.9733686
955,3954,-7.1054678
956,3955,-8.7732258
959,3958,-5.8415027
960,3959,-7.392684
961,3960,-8.5646696
962,3961,-6.0919333
963,3962,-8.0861034
964,3963,-8.5713739
965,3964,-6.2173438
966,3965,-6.4820313
967,3966,-8.3693352
968,3967,-9.7741537
969,3968,-5.5252562
970,3969,-8.5428925
971,3970,-6.2535582
972,3971,-8.6407337
973,3972,-5.0816555
974,3973,-6.0044494
975,3974,-9.3044491
976,3975,-9.5303555
977,3976,-9.0216122
978,3977,-7.1359291
979,3978,-8.841486
980,3979,-7.6363869
981,3980,-9.0441389
982,3981,-7.91855
983,3982,-9.0065107
984,3983,-6.9991512
985,3984,-8.1498089
986,3985,-7.7035708
987,3986,-8.367939
988,3987,-9.019166
989,3988,-3.5663426
990,3989,-4.2969503
991,3990,-3.665467
992,3991,-8.6093798
993,3992,-4.2637119
994,3993,-9.0306883
995,3994,-9.0066853
996,3995,-7.410213
997,3996,-6.3440881
998,3997,-4.2517443
999,3998,-3.530128
1000,3999,-3.6948292
